Euroanaesthesia,https://www.esahq.org/events/future-euroanaesthesia/euroanaesthesia-2020
Annual Scientific Congress of the European Cardiac Arrhythmia Society,https://www.ecas-heartrhythm.org/
European Society of Cardiology Congress,https://www.escardio.org/Congresses-&-Events/ESC-Congress/About-the-congress/future-esc-congresses
ACC.20 Together with World Congress of Cardiology,https://accscientificsession.acc.org/
American Heart Association Scientific Sessions,https://professional.heart.org/professional/EducationMeetings/MeetingsLiveCME/ScientificSessions/UCM_316900_Scientific-Sessions.jsp
The Society for Cardiovascular Angiography and Interventions Scientific Sessions,http://www.scai.org/SCAI2020
Transcatheter Cardiovascular Therapeutics Conference,https://www.crf.org/tct
Cardiovascular Research Technologies Conference,http://www.crtmeeting.org/Main/Meeting-at-a-Glance
British Cardiovascular Society Annual Conference,https://www.bcs.com/pages/about.asp?PageID=152
Heart Failure Society of America Annual Scientific Meeting,https://www.hfsa.org/hfsa-event/hfsa-24th-annual-scientific-meeting/
Adult Congenital Heart Association National Conference,https://www.achaheart.org/get-involved/events/2020/9th-national-conference/
Cardiovascular and Interventional Radiological Society of Europe,https://www.cirse.org/events/cirse-2020/
Advanced Heart Failure Symposium,https://www.aahfn.org/events/EventDetails.aspx?id=1258497&group=
European Atherosclerosis Society Congress,https://eas2020.com/
New Cardiovascular Horizons Annual Conference,https://ncvh.org/meeting/annual-conference-2020/
American Venous Forum Annual Meeting,https://www.veinforum.org/medical-allied-health-professionals/avf-annual-meetings/
American Association of Neuromuscular and Electrodiagnostic Medicine Annual Meeting,https://www.aanem.org/Meetings
The Heart Valve Society Annual Meeting,https://www.hvs2020.com/
MSK Cardio-Oncology Symposium,https://mskcc.cloud-cme.com/default.aspx?P=0&EID=16222
American Association of Cardiovascular and Pulmonary Rehabilitation Annual Meeting,http://www.aacvpr.org/2020-Annual-Meeting-submissions
Cardiovascular Institute of Philadelphia Annual Interventional Cardiology Fellows Program,http://events.r20.constantcontact.com/register/event?oeidk=a07egm1b8ql62a81853&llr=s5sw69dab&showPage=true
International Congress On Cardiology & Critical Care,https://www.scietechinternational.com/cardiology/
Annual National Sarasota Congress on Cardiovascular Disease Prevention: Update,http://www.iscvdp.org/congress-national-registration.html
Mechanical Support for the Heart and Lung Symposium: New Devices and Techniques,https://www.aats.org/aatsimis/AATSWeb/Association/Meetings/Mechanical_Circulatory_Support_Symposium/MCS_2019/AATS_Mechanical_Support__for_the_Heart_and_Lung_Symposium.aspx
European Heart Rhythm Association Congress,https://www.escardio.org/Congresses-&-Events/EHRA-Congress
Annual Scientific Session of the American Society of Nuclear Cardiology,https://www.asnc.org/asnc2020
Belgian Society of Cardiology Annual Congress,https://eu.eventscloud.com/website/494/home/
European Lipoprotein Club Meetings,https://www.eas-society.org/page/elc
American Academy of Dermatology Annual Meeting,https://www.aad.org/member/meetings/am2020
European Academy of Dermatology and Venereology Congress,https://eadvvienna2020.org/
Annual European Society for Dermatological Research Meeting,http://www.esdr.org/50th-annual-esdr-meeting
"Orlando Dermatology Aesthetic and Clinical Dermatology, Aesthetic & Surgical Conference",https://orlandoderm.org/
Maui Derm for Dermatologists,https://mauiderm.com/maui-derm-dermatologists-2020-overview-2-2-2/
Association of Dermatology Administrators and Managers Annual Meeting,https://adam.memberclicks.net/2020-annual-meeting
American Society for Dermatologic Surgery Annual Meeting,https://www.asds.net/medical-professionals/annual-meeting
Annual South Beach Symposium,https://www.southbeachsymposium.org/2020/south-beach-symposium.html
EB World Congress,https://ebworldcongress.org/
Meeting of the European Hair Research Society,https://www.ehrs2020.org/
Skin Disease Education Foundation's Annual Hawaii Dermatology Seminar,https://www.globalacademycme.com/conferences/sdefs-annual-hawaii-dermatology-seminar/welcome-sdefs-44th-annual-hawaii-dermatology
Annual Practical Symposium,https://www.practicalsymposium.com/
Annual Scientific Meeting of the Australasian College of Phlebology,http://www.phlebology.com.au/acp2020
Annual Meeting of the International Society for Dermatologic Surgery,https://www.isdsworld.com/congresses/isds-congresses/
Annual Meeting of the British Association of Dermatologists,https://badannualmeeting.co.uk/
Association of Professors of Dermatology Annual Meeting,https://www.dermatologyprofessors.org/content.asp?contentid=181
American Dermatological Association Annual Meeting,https://ada1.org/future-meetings/
Congress of Clinical Dermatology,http://www.congressofclinicaldermatology.com/
Annual Meeting of the Pacific Dermatologic Association,https://pacificderm.org/annual-meeting/
Alabama Dermatology Society Summer Symposium,http://alabamaderm.org/summer-symposium.html
American Diabetes Association Scientific Sessions,https://professional.diabetes.org/scientific-sessions
American Association of Diabetes Educators Annual Conference,https://www.aademeeting.org/future-dates/
Annual Scientific & Clinical Congress,http://2020.aace.com/
International Thyroid Congress,https://www.thyroid.org/16th-itc/
Annual Meeting of European Association for the Study of Diabetes,https://www.easd.org/annual-meeting/easd-2020.html
European Congress of Endocrinology,https://www.ese-hormones.org/events-deadlines/european-congress-of-endocrinology/ece-2020/
European Congress of Endocrinology,https://www.ese-hormones.org/events-deadlines/european-congress-of-endocrinology/ece-2020/
Taking Control of Your Diabetes & MTC Conference,https://tcoyd.org/cme-bellevue2020/
International Conference on Advanced Technologies & Treatments for Diabetes,https://attd.kenes.com/
Annual BC Pediatric Diabetes,https://ubccpd.ca/pediatric-diabetes2020
Children's Diabetes Foundation Spring Brass Ring,https://www.childrensdiabetesfoundation.org/event/2020-spring-brass-ring/
Diabetes UK Professional Conference,https://www.diabetes.org.uk/diabetes-uk-professional-conference
Australian Diabetes Society / Australian Diabetes Educators Association Annual Scientific Meeting,https://diabetessociety.com.au/asm.asp
Annual Heart in Diabetes,https://www.heartindiabetes.com/agenda
International Congress of Endocrinology,https://ice-2020.com/
Empowering Patients for Individualized Care Diabetes Conference,http://www.epicconferences.org/
Chellaram Diabetes Institute International Diabetes Summit -,http://www.cdidiabetessummit.org/
Immunology of Diabetes Society Congress,https://www.immunologyofdiabetessociety.com/
Advances in Diabetes,https://site.convention.co.jp/54shimpo/
Biennial Congress of the Asian Association of Endocrine Surgeons,http://asaes2020.org/
BAETS Annual Scientific Meeting,https://www.baets.org.uk/events/baets-2020-annual-scientific-meeting/
Crohn's & Colitis Congress,https://www.crohnscolitiscongress.org/CCC2/Public/Enter.aspx
Digestive Disease Week,https://ddw.org/
The International Liver CongressTM,https://ilc-congress.eu/
Annual Gastroenterology & Hepatology Update,https://ce.mayo.edu/gastroenterology/content/6th-annual-gastroenterology-hepatology-update-2020
Dysphagia Research Society Annual Meeting,https://dysphagiaresearch.site-ym.com/events/EventDetails.aspx?id=1249211
Association for Continence Advice Conference,https://www.aca.uk.com/conference/2020-conference
AHS Annual Meeting,https://americanherniasociety.org/conferences/
Congress of ECCO,https://www.ecco-ibd.eu/ecco20.html
Annual Medical and Surgical Gastroenterology: A Multidisciplinary Approach,https://hopkinscme.cloud-cme.com/default.aspx?P=5&EID=21071
Canadian Digestive Diseases Week,https://www.cag-acg.org/cddw
Annual GI and Liver Association of the Americas Dallas Conference,https://galamericas.org/conference_home.cfm
GUILD Conference,https://guildconference.com/2020/
Annual Gastroenterology & Hepatology Symposium,https://medicine.uci.edu/gisymposium/
"World Gastroenterology Organisation, Czech Society of Gastroenterology",https://www.gastro2020prague.org/
Inflammatory bowel disease Newcastle Conference,https://ibdnewcastle.com/
Annual Non-alcoholic Steatohepatitis Summit,https://nash-summit.com/
Meeting of the Federation of Neurogastroenterology & Motility,https://fnm2020.org.au/
American Society of Human Genetics Annual Meeting,https://www.ashg.org/2020meeting/
Human Genome Meeting,http://hugo-hgm2020.org/
MDA Clinical & Scientific Conference,https://www.mda.org/conferences/2020-clinical-and-scientific-conference
ACMG Annual Clinical Genetics Meeting,https://www.acmgmeeting.net/acmg2020/Public/mainhall.aspx
National Society of Genetic Counselors Annual Conference,https://www.nsgc.org/p/cm/ld/fid=640
American Association of Blood Banks Annual Meeting,http://www.aabb.org/annual-meeting/Pages/default.aspx
Chromosomal Instability as a Driver of Human Disease Conference,https://www.eacr.org/meeting/3rd-chromosomal-instability-as-a-driver-of-human-disease-conference
Annual Meeting by American Society of Gene and Cell Therapy,https://annualmeeting.asgct.org/am20/
Mitochondrial Medicine,https://www.umdf.org/symposium/
The European Human Genetics Conference,https://2020.eshg.org/
Society for Research on Adolescence Biennial Meeting,https://www.biennialmeeting.s-r-a.org/
International Society for Cell & Gene Therapy Annual Meeting,http://www.isct2020.com/
ESGCT Annual Congress in Collaboration with BSGCT,https://www.esgct.eu/Congress/Edinburgh-2020.aspx
Human Proteome Organization,https://hupo2020.org/
Annual Meeting of the Oligonucleotide Therapeutics Society,https://www.oligotherapeutics.org/2020-annual-meeting/
European Cystic Fibrosis Conference,https://www.ecfs.eu/lyon2020
Annual Gene Therapy for Rare Disorders,https://genetherapy-conference.com/
European Cystic Fibrosis Society Basic Science Conference,https://www.ecfs.eu/portugal2020
Vascular Discovery: From Genes to Medicine Scientific Sessions,https://professional.heart.org/professional/EducationMeetings/MeetingsLiveCME/ATVBPVD/UCM_316902_Vascular-Discovery-From-Genes-to-Medicine.jsp
Society for the Study of Inborn Errors of Metabolism Symposium,http://www.ssiem.org/events/events.asp?eid=2107
American Society of Hematology Annual Meeting,https://www.hematology.org/Annual-Meeting/
Transfuse by Mayo Clinic Laboratories,https://news.mayocliniclabs.com/transfuse-2020/
Annual Clinical Breakthroughs & Challenges in Hematologic Malignancies,https://moffitt.org/for-healthcare-providers/continuing-education/provider-conferences/16th-annual-clinical-breakthroughs-challenges-in-hematologic-malignancies/
Congress of European Hematology Association,https://ehaweb.org/congress/eha25/key-information/
Annual Scientific Meeting of the British Society for Haematology,https://www.bshconferences.co.uk/
Annual John Goldman Conference on Chronic Myeloid Leukemia: Biology and Therapy,https://www.esh.org/conference/22nd-annual-john-goldman-conference-on-chronic-myeloid-leukemia-biology-and-therapy/
EHA-EBMT European CAR T Cell Meeting,https://www.ebmt.org/events/2nd-european-car-t-cell-meeting
Annual Meeting of the European Society for Blood and Marrow Transplant,https://www.ebmt.org/annual-meeting
Hemophilia Federation of America Annual Symposium,https://www.hemophiliafed.org/our-role-and-programs/national-community-events/annual-symposium/
World Federation of Hemophilia World Congress,https://www.wfh.org/congress/en/
"Annual Network for the Advancement of Patient Blood Management, Haemostasis and Thrombosis Symposium",https://www.nataonline.com/content/21st-annual-nata-symposium-athens-april-23-24-2020
Annual Congress of the European Association for Haemophilia and Allied Disorders,https://eahadcongress.com/
Annual Congress of the European Association for Haemophilia and Allied Disorders,http://eahad.org/eahad-2020/
International Society for Experimental Hematology Annual Scientific Meeting,https://www.iseh.org/page/2020NewYork
International Society of Hematology World Congress,https://www.ishworld.org/events/1?e=f&menu=33
Targeted Treatments for Haematological Cancers,https://www.royalmarsden.nhs.uk/targeted-treatments-haematological-cancers-0
AAAAI Annual Meeting,https://annualmeeting.aaaai.org/
IMMUNOLOGY 2020,https://www.immunology2020.org/
EAACI Annual Congress,https://www.eaaci.org/eaaci-congresses/eaaci-2020
CIS Annual Meeting,https://cis.clinimmsoc.org/education/meetings/am20
International AIDS Conference,https://www.aids2020.org/
European Congress of Clinical Microbiology and Infectious Diseases,https://www.eccmid.org/
Association for Professionals in Infection Control and Epidemiology Annual Conference,http://ac2020.site.apic.org/
Viral Hepatitis by European Association for the Study of the Liver,https://easl.eu/viralhepatitis2020/
IDWeek,https://idweek.org/program/
Mayo Clinic Annual Update on Infectious Diseases for Primary Care,https://ce.mayo.edu/internal-medicine/content/mayo-clinic-5th-annual-update-infectious-diseases-primary-care-2020
American Society for Virology Annual Meeting,https://www.asv.org/asv-2020
Annual Meeting of the European Society for Paediatric Infectious Diseases,https://espidmeeting.org/home/welcome-to-espid-2020/
International Congress on Infectious Diseases,https://www.icid.isid.org/
Surgical Infection Society Annual Meeting,http://www.sisna.org/annual-meeting
Parenteral Drug Association Europe Virus Forum,https://www.pda.org/global-event-calendar/event-detail/virus-forum
Molecular Approaches to Malaria Conference,https://www.mam2020conference.com.au/
Biennial Congress of the Anaerobe Society of the Americas,http://www.anaerobe.org/2020/anaerobe2020.html
Annual American Conference for the Treatment of HIV Conference,http://www.acthiv.org/
International Respiratory Syncytial Virus Symposium,https://isirv.org/site/index.php/special-interest-groups/international-respiratory-syncytial-virus-society
International Pathogenic Neisseria Conference,https://www.ipnc2020.co.za/
Infectious Disease Association of California Winter Symposium,http://www.idac.org/upcoming.php
International Federation of Infection Control Congress,http://www.ific2020.com/
American Diabetes Association Scientific Sessions,https://professional.diabetes.org/scientific-sessions
American Association of Diabetes Educators Annual Conference,https://www.aademeeting.org/future-dates/
Annual Meeting of European Association for the Study of Diabetes,https://www.easd.org/annual-meeting/easd-2020.html
Taking Control of Your Diabetes & MTC Conference,https://tcoyd.org/cme-bellevue2020/
Spring Meeting of the American Thyroid Association,https://www.thyroid.org/2020-spring-meeting/
International Conference on Advanced Technologies & Treatments for Diabetes,https://attd.kenes.com/
Annual BC Pediatric Diabetes,https://ubccpd.ca/pediatric-diabetes2020
Children's Diabetes Foundation Spring Brass Ring,https://www.childrensdiabetesfoundation.org/event/2020-spring-brass-ring/
Diabetes UK Professional Conference,https://www.diabetes.org.uk/diabetes-uk-professional-conference
Society for InherIted Metabolic Disorders Annual Meeting,https://www.simd.org/meetings/SIMD2020/
Pediatric Endocrine Society Annual Meeting,https://www.pedsendo.org/education_training/annual_meetings/
Australian Diabetes Society / Australian Diabetes Educators Association Annual Scientific Meeting,https://diabetessociety.com.au/asm.asp
Annual Heart in Diabetes,https://www.heartindiabetes.com/agenda
Clinical Endocrinology,https://endocrinology.hmscme.com/
Empowering Patients for Individualized Care Diabetes Conference,http://www.epicconferences.org/
Chellaram Diabetes Institute International Diabetes Summit -,http://www.cdidiabetessummit.org/
Immunology of Diabetes Society Congress,https://www.immunologyofdiabetessociety.com/
Advances in Diabetes,https://site.convention.co.jp/54shimpo/
ACR Annual Meeting,https://www.rheumatology.org/Annual-Meeting
MDA Clinical & Scientific Conference,https://www.mda.org/conferences/2020-clinical-and-scientific-conference
The American Association of Hip and Knee Surgeons Spring Meeting,http://www.aahks.org/aahks-spring-meeting/
Controversies in Pediatric Limb Reconstruction,https://scottishritehospital.org/events/controversies-in-pediatric-limb-reconstruction
European Society of Musculoskeletal Radiology,https://www.essr.org/congress/essr-2020/
International Annual Congress of the World Muscle Society,https://www.wms2020.com/
Asian Musculoskeletal Society,https://www.ams2020.com/
Lumbar Bio-Skills Lab,https://www.spineintervention.org/events/EventDetails.aspx?id=1286261
Annual Meeting of the Korean American Spine Society,http://kassmd.org/annual-meeting/upcoming-annual-meeting
Alzheimer's Association International Conference,https://www.alz.org/aaic/about/overview.asp
SfN's Annual meeting (Neuroscience),https://www.sfn.org/meetings/neuroscience-2020
American Academy of Neurology Annual Meeting,https://www.aan.com/conferences/annual-meeting/
International Stroke Conference,https://professional.heart.org/professional/EducationMeetings/MeetingsLiveCME/InternationalStrokeConference/UCM_316901_International-Stroke-Conference.jsp
CNS Annual Meeting,https://2020meeting.cns.org/home
Annual American Headache Society Scientific Meeting,https://americanheadachesociety.org/events/62nd-annual-scientific-meeting/
International Symposium on ALS/MND,https://symposium.mndassociation.org/about-the-event/future-dates/
International Congress of Parkinson's Disease and Movement Disorders,https://www.mdscongress.org/Congress-2020.htm
Congress of the European Academy of Neurology,https://www.ean.org/paris2020/6th-Congress-of-the-European-Academy-of-Neurology-Paris-2020.3833.0.html
American Epilepsy Society Annual Meeting,https://meeting.aesnet.org/general-information/future-meetings
Canadian Pain Society Annual Scientific Meeting,https://www.canadianpainsociety.ca/
PAINWeek Conference,https://www.painweek.org/conferences/painweek
Annual Huntington's Disease Society of America Convention,https://hdsa.org/about-hdsa/annual-convention/
Annual Meeting of the American Neurological Association,https://2019.myana.org/future-meeting-dates
Neurocritical Care Society Annual Meeting,https://www.neurocriticalcare.org/events/past-annual-meetings
American College of Neuropsychopharmacology Annual Meeting,https://acnp.org/annual-meeting/dates-locations/
NC Neurological Society Annual Meeting,https://www.ncmedsoc.org/event/ncns2019am/
Annual Conference of National Academy of Neuropsychology,https://www.nanonline.org/NAN/_ContinuingEducation/_Conference/SanDiego2019/2019_Annual_Conference.aspx
American Delirium Society Annual Meeting,https://americandeliriumsociety.org/conferences
The Americas Committee for Treatment and Research in Multiple Sclerosis Forum,https://forum.actrims.org/
Association of British Neurologists Annual Meeting,https://www.theabn.org/page/annualmeeting2020
Annual Meeting of the American Association of Neuropathologists,https://www.neuropath.org/meetings
ECNP Congress,https://www.ecnp.eu/Congress2020/ECNPcongress
International Neuropsychological Society Annual Meeting,https://www.the-ins.org/meetings/denver2020/
American Academy of Clinical Neuropsychology Annual Meeting,https://theaacn.org/annual-meeting/
North American Neuromodulation Society Annual Meeting,http://conference.neuromodulation.org/
European Headache Federation Congress,https://www.ehf2020.com/index.php?id=33803
American Neurotology Society Spring Meeting,https://www.americanneurotologysociety.com/2020-ans-spring-meeting-atlanta-ga
The International College of Neuropsychopharmacology World Congress,https://www.cinp2020.org/
American Neuropsychiatric Association Annual Meeting,https://www.anpaonline.org/event-2334386
American Society for Experimental Neurotherapeutics Annual Meeting,https://www.asent.org/event/asent2020
International Society for the Study of the Lumbar Spine Annual Meeting,https://www.spineweek.org/
Peripheral Nerve Society,https://www.pnsociety.com/i4a/pages/index.cfm?pageid=3400
Pan American Parkinson's Disease and Movement Disorders Congress,https://www.pascongress.org/MDS-PAS-2020.htm
American Society for Peripheral Nerve Annual Meeting,https://peripheralnerve.org/meeting/
European Congress on Epileptology,https://www.epilepsycongress.org/ece/
Child Neurology Society Annual Meeting,https://www.childneurologysociety.org/meetings/future-cns-annual-meetings
Genitourinary Cancers Symposium,https://meetings.asco.org/gu/program
ASCO Annual Meeting,https://meetings.asco.org/am/dates-know
American Association for Cancer Research Annual Meeting,https://www.aacr.org/Meetings/Pages/MeetingDetail.aspx?EventItemID=213&DetailItemID=1057
European Lung Cancer Congress,https://www.esmo.org/Conferences/European-Lung-Cancer-Congress-2020
European Society for Medical Oncology Summit Africa,https://www.esmo.org/Conferences/ESMO-Summit-Africa-2020
European Society for Medical Oncology Congress,https://www.esmo.org/Conferences/ESMO-Congress-2020
Immuno-Oncology: BD&L and Investment Forum,https://www.fredhutch.org/en/events/immuno-oncology-bdl-and-investment-forum.html
International Cancer Immunotherapy Conference,http://www.cancerimmunotherapyconference.org/conference-2
American Society for Therapeutic Radiology and Oncology Annual Meeting,https://www.astro.org/Meetings-and-Education/Live-Meetings/2020/Annual-Meeting
World Cancer Congress,https://www.worldcancercongress.org/
Society for Immunotherapy of Cancer Annual Meeting,https://www.sitcancer.org/events/event-description?CalendarEventKey=bcb54b5c-c612-4e28-854f-0f8c41bca69f&Home=%2Fevents%2Fcalendar
International Association for the Study of Lung Cancer World Conference on Lung Cancer,https://www.iaslc.org/Conferences-Events/Event-Details/iaslc-2020-world-conference-on-lung-cancer
Annual Immuno-Oncology Summit Europe,https://www.immuno-oncologyeurope.com/
International Conference on Myelodysplatic Syndromes,https://www.esh.org/conference/7th-international-conference-on-myelodysplatic-syndromes/
Translational Research Conference - Multiple Myeloma,https://www.esh.org/conference/5th-translational-research-conference-multiple-myeloma-2/
National Comprehensive Cancer Network Annual Conference,https://www.nccn.org/professionals/meetings/annual_conference.aspx
EACR-AACR-ASPIC Conference: Tumor Microenvironment,https://www.eaa2020.org/
International Society of Paediatric Oncology / Societe Internationale d'Oncologie Pediatrique Annual Meeting,https://siop-congress.org/
Society of Gynecologic Oncology Annual Meeting,https://sgoannualmeeting.org/
Society for Neuro-Oncology Annual Meeting,https://www.soc-neuro-onc.org/SNO/About_SNO/Past_and_Future_Meetings/SNO/About_SNO/Past_and_Future_Meetings.aspx?hkey=7c939d60-ef74-47e0-a3e7-ec0da8a89d47
European Conference on Interventional Oncology,https://www.ecio.org/programme/welcome-to-ecio-2020/
Annual San Antonio Breast Cancer Symposium,https://www.sabcs.org/
Annual International Prostate Cancer Update,https://grandroundsinurology.com/ipcu/
Clinical Oncology Society of Australia Annual Scientific Meeting,https://www.cosa.org.au/events/#
Multinational Association of Supportive Care in Cancer / International Society of Oral Oncology Annual Meeting on Supportive Care in Cancer,https://www.mascc.org/annual-meeting
Annual Meeting of the Society of Urologic Oncology,https://suonet.org/meetings/event-details.aspx?id=SUO2012
IO Combinations 360,https://theconferenceforum.org/conferences/io-combinations-360/overview/
American Psychosocial Oncology Society Annual Conference,https://apos-society.org/annual-conference/apos-annual-conference/
American Head And Neck Society International Conference on Head and Neck Cancer,http://www.ahns2020.org/
Annual MSK Symposium on Lymphoma,https://mskcc.cloud-cme.com/default.aspx?P=0&EID=17608
North American Association of Central Cancer Registries Annual Conference,https://www.naaccr.org/naaccr-iacr2019/
North American Neuroendocrine Tumor Society Multidisciplinary Net Medical Symposium,https://nanets.net/education/symposium2020
Meeting of the European Association of Neuro-Oncology,https://www.eano.eu/eano2020/home/
Connective Tissue Oncology Society Meeting,https://www.ctos.org/Meeting/2020AnnualMeeting.aspx
Australia New Zealand Gynaecological Oncology Group Annual Scientific Meeting,http://www.anzgog.org.au/inform/annual-scientific-meeting/
Society of Hematologic Oncology Annual Meeting,https://www.sohoonline.org/site_page.cfm?pk_association_webpage_menu=7164&pk_association_webpage=15588
Practical Recommendations in Immuno and Molecular Oncology Annual Meeting,https://www.primomeeting.org/
Immunotherapy of Cancer Conference,https://www.itoc-conference.eu/
Association of Cancer Executives Annual Meeting,https://www.cancerexecutivesmeeting.com/
Acute Leukemia Forum,https://www.hemedicus.com/meetings/alf.html
Asia - Pacific Gastroenterology Cancer Summit,https://apgcs.com/
American Association for Cancer Research Special Conference on Pancreatic Cancer,https://www.aacr.org/Meetings/Pages/MeetingDetail.aspx?EventItemID=215
American Association for Cancer Research Conference on Myeloma,https://www.aacr.org/Meetings/Pages/MeetingDetail.aspx?EventItemID=204&DetailItemID=1109
NCCN Annual Congress: Hematologic Malignancies,https://www.nccn.org/professionals/meetings/hematological/default.aspx
International Society of Ocular Oncology,http://isoo.org/
Asian Oncology Society Conference,https://www.aos2020.com.ph/index.php?option=com_content&view=article&id=26:abstracts-submission-deadline&catid=14:news&Itemid=326
Alabama Cancer Congress Spring Meeting,https://www.alcancercongress.org/events
Gastrointestinal Cancers Symposium,https://meetings.asco.org/gi/program
ASCO-SITC Clinical Immuno-Oncology Symposium,https://www.immunosym.org/
Breast Cancer Conference,https://breastcancerdubai.net/
Musculoskeletal Tumor Society Specialty Day,http://msts.org/index.php/events/2020-specialty-day
Monaco Biennale of Oncology,http://www.biennalecancerologie.org/2020/
Global Adolescent and Young Adult Cancer Congress,https://www.ayaglobalcancercongress.com/
Annual T-cell Lymphoma Forum,https://www.tcellforum.com/
Innate Killer Summit,https://innate-killer.com/
International Association of Cancer Registries,http://www.iacr.com.fr/index.php?option=com_content&view=article&id=164&Itemid=584
American Academy of Ophthalmology Annual Meeting,https://www.aao.org/annual-meeting/exhibitor/dates
Eyeforpharma Barcelona,https://www.eyeforpharma.com/barcelona/
International Vision Expo & Conference West,https://west.visionexpo.com/
Association for Research in Vision and Ophthalmology Annual Meeting,https://www.arvo.org/annual-meeting/
American Academy of Optometry Annual Meeting,https://academymeeting.org/
Annual Macula Society Meeting,http://www.maculasociety.org/meetingsprograms
ASCRS ANNUAL MEETING,https://annualmeeting.ascrs.org/
Retina Case Conference by University of Miami Health System,https://umiamihealth.org/bascom-palmer-eye-institute/healthcare-professionals/calendar-of-events/class-details?id=c8b3acb3-ee49-424d-8553-8db32a54e719
European Society of Cataract & Refractive Surgeons Congress,https://www.escrs.org/amsterdam2020/
Southeastern Educational Congress of Optometry International Annual Congress,http://www.seco2020.org/
European Society of Retina Specialists Congress,http://www.euretina.org/amsterdam2020/
Annual Aspen Retinal Detachment Society Meeting,https://www.asrs.org/education/calendar/event/403/48th-annual-aspen-retinal-detachment-society-meeting
Annual Business of Retina Meeting,https://www.asrs.org/education/22nd-annual-business-of-retina-meeting
American Society of Retina Specialists Annual Meeting,https://www.asrs.org/annual-meeting/registration
Eye Bank Association of America Annual Meeting,https://restoresight.org/event/ebaa-2020-annual-meeting/
American Glaucoma Society Annual Meeting,https://community.americanglaucomasociety.net/ags-events/annual-meeting
AAPOS Pre-Meeting at World Ophthalmology Congress,https://icowoc.org/
Advanced Ophthalmologic Practice Congress,https://www.aopcongress.com/en/attend/aop-paris-2020/calendar
American Ophthalmological Society Annual Meeting,https://aosonline.org/annual-meeting/upcoming-annual-meeting/
European VitreoRetinal Society Meeting,https://www.evrs.eu/meetings/
The Retina Society Meeting,http://www.retinasociety.org/
Ophthalmic Anesthesia Society Annual Scientific Meeting,https://eyeanesthesia.org/page-1271154
Research Study Club of Los Angeles Midwinter Conference,https://researchstudyclub.org/
"New England Ophthalmological Society Meeting - Jun,",http://www.neos-eyes.org/conference/future_meetings.cfm
Societa Oftalmologica Italiana / Italian Society of Ophthalmology International Congress,https://www.sedesoi.com/congressi_eng.php
Combined Otolaryngology Spring Meetings,https://cosm.md/
EuroSciCon Congress on Otorhinolaryngology and Communication Disorders,https://otology-rhinology.euroscicon.com/
Association For Research In Otolaryngology Annual MidWinter Meeting,https://asro.memberclicks.net/midwinter-meeting-information
International Conference on Otorhinolaryngology,https://otolaryngology.alliedacademies.com/
Tucson Symposium,https://diagnostics.roche.com/global/en/events/tucson-symposium.html
ASM Microbe,https://asm.org/Events/ASM-Microbe/Home
International Surgical Pathology Symposium,https://news.mayocliniclabs.com/edu-conferences/23rd-international-surgical-pathology-symposium/
American Society for Clinical Pathology Annual Meeting,https://www.ascp.org/content/2020
United States and Canadian Academy of Pathology Annual Meeting,https://www.xcdsystem.com/uscap/program/2020/
American Speech-Language-Hearing Association Convention,https://convention.asha.org/About-the-Convention/Locations/
Association for Molecular Pathology Europe Congress,https://amp-europe-congress.com/
NC Society of Pathologists Annual Meeting,https://www.ncmedsoc.org/event/2019-nc-society-of-pathologists-annual-meeting-april-12-13/
Pathology Visions Conference,https://digitalpathologyassociation.org/pathology-visions-conference
Joint Winter Meeting of the Pathological Society and the Royal Society of Medicine,https://www.pathsoc.org/index.php/meetings/society-scientific-meetings
American Society for Investigative Pathology Annual Meeting at Experimental Biology,https://asip.org/meetings/EB_future.cfm
Society for Pediatric Pathology Spring Meeting,https://spponline.org/2020-SPP-Spring-Meeting
Annual Executive War College: Conference on Laboratory & Pathology Management,https://www.executivewarcollege.com/
Florida Society of Pathologists Summer Meeting,https://flpath.org/fsp-summer-meeting-2020
Society of Toxicologic Pathology Annual Symposium,https://www.toxpath.org/AM2020/index.asp
Emirates Thyroid Congress,https://www.thyroidcongress.ae/
American College of CBD & Cannabis - Spring Congress,https://www.accbd.com/shop/spring-congress/
Annual European Neuroendocrine Tumor Society Conference,https://enets2020.com/
California Society of Pathologists Annual Meeting,http://www.calpath.org/events.php
American Thoracic Society International Conference,https://conference.thoracic.org/index.php
CHEST Congress,https://congress.chestnet.org/
Pulmonary Hypertension Association International Conference,https://phassociation.org/pha2020/
Congress of the Asian Pacific Society of Respirology,https://www.apsresp.org/congress/2020.html
American Association for Respiratory Care Congress,http://www.aarc.org/aarc-congress-2020/
National Association for Medical Direction of Respiratory Care Annual Conference,https://www.namdrc.org/content/namdrc-2020-annual-conference
Michigan Society for Respiratory Care Spring Conference,http://www.memberleap.com/Calendar/moreinfo.php?eventid=19646
American Association for Respiratory Care Summer Forum,http://www.aarc.org/education/live-courses/aarc-meetings/
Mechanical Support for the Heart and Lung Symposium: New Devices and Techniques,https://www.aats.org/aatsimis/AATSWeb/Association/Meetings/Mechanical_Circulatory_Support_Symposium/MCS_2019/AATS_Mechanical_Support__for_the_Heart_and_Lung_Symposium.aspx
Antarctica Medical & Dental Conference,https://unconventional.com.au/conference/antarctica/
Metabolic alterations in lung ageing and disease,https://www.ersnet.org/
Canadian Respiratory Conference,https://cts-sct.ca/crc/
Annual Meeting of the Japanese Respiratory Society,https://www.jrs.or.jp/modules/english/index.php?content_id=1
Wisconsin Rheumatology Association Annual Meeting,https://wi-rheum.org/announcements/annual-meeting/meeting-information.html
EULAR Annual European Congress of Rheumatology,https://www.congress.eular.org/index.cfm
British Society for Rheumatology Annual Conference,https://www.rheumatology.org.uk/events-learning/conferences/annual-conference
Royal Osteoporosis Society Osteoporosis conference,https://theros.org.uk/healthcare-professionals/osteoporosis-conference/
"World Congress on Osteoporosis, Osteoarthritis and Musculoskeletal Diseases",https://www.wco-iof-esceo.org/
Interdisciplinary Symposium on Osteoporosis,https://interdisciplinarysymposiumosteoporosis.org/
Osteoarthritis Research Society International World Congress,https://www.oarsi.org/events/oarsi-2020-world-congress
Annual Perspectives in Rheumatic Diseases Conference,https://www.globalacademycme.com/conferences/annual-perspectives-rheumatic-diseases/welcome-13th-annual-perspectives-rheumatic
International Conference on Frailty and Sarcopenia Research,https://frailty-sarcopenia.com/
Asia Pacific League of Associations for Rheumatology Congress,https://aplar2020.com/
The International Research Society of Spinal Deformities Meeting,https://www.irssd.org/next-meeting/
Childhood Arthritis and Rheumatology Research Alliance Annual Scientific Meeting,https://carragroup.org/meetings-events/2020-annual-meeting
European Lupus Meeting,https://www.lupus2020.eu/
Congress of Medical Excellence,https://aosrd.org/
Rheumatology Association Of Iowa Annual Meeting,https://meetings.association-service.org/rai
Rheumatology Association of Nevada Annual Meeting,https://rheumatologynevada.org/meetings.aspx
Western Alliance for Rheumatology Annual Meeting,https://rheum.ca/events/event-listing/
Arizona United Rheumatology Alliance Annual Meeting,https://azrheum.org/events/upcoming-events/meeting-information.aspx
Ontario Rheumatology Association Annual Meeting,https://ontariorheum.ca/event/19th-annual-meeting
Australian Rheumatology Association Annual Scientific Meeting,https://www.araconference.com/
Arkansas Rheumatology Association Annual Meeting,https://meetings.association-service.org/ara
Scandinavian Congress of Rheumatology,https://scr2020.no/
Genitourinary Cancers Symposium,https://meetings.asco.org/gu/program
American Urological Association Annual Meeting,https://www.aua2020.org/
Annual EAU Congress,https://eaucongress.uroweb.org/the-congress/
The Royal Society of Medicine Urology Winter Meeting,https://www.rsm.ac.uk/events/urology/2019-20/urn05/
ASRM Scientific Congress & Expo,https://asrmcongress.org/
British Association of Urological Surgeons Annual Scientific Meeting,https://www.baus.org.uk/professionals/events/1126/baus_annual_meeting_2020/
Pelvic Floor Disorders Week,https://www.pfdweek.org/
Canadian Urological Association Annual Meeting,http://www.cuameeting.org/en/2020
Annual International Prostate Cancer Update,https://grandroundsinurology.com/ipcu/
Congress of the European Society for Sexual Medicine,https://www.essm-congress.org/
Practical Urology Annual Conference,https://keck.usc.edu/events/5th-annual-conference-practical-urology/
International Urogynecological Association Annual Meeting,https://www.iuga.org/events/annual-meetings/2020-iuga-45th-annual-meeting
Saudi Urological Association Annual Meeting,https://www.saudiurology.org/annual2020
Annual Meeting of the Society of Urologic Oncology,https://suonet.org/meetings/event-details.aspx?id=SUO2012
"Society of Urodynamics, Female Pelvic Medicine and Urogenital Reconstruction Winter Meeting",https://sufuorg.com/meetings/upcoming-sufu/meeting-information.aspx
International European Association of Urology Nurses Meeting,https://eauncongress.uroweb.org/
MSK Annual Global Conference on Perioperative Care of the Cancer Patient,https://mskcc.cloud-cme.com/default.aspx?P=0&EID=13721
Annual North American Robotic Urology Symposium,https://www.narus.us/
Ralph E. Hopkins Urology Seminar,https://jacksonholeseminars.com/
Ohio Urological Society Annual Meeting,https://ous.memberclicks.net/
British Society of Urogenital Radiology Annual Scientific Meeting,http://bsur.org.uk/
Georgia Urological Association Annual Fall Meeting,https://meetings.association-service.org/gua
Advanced uroLogic Conference,https://www.suna.org/2020-advanced-urologic-conference
Wisconsin Urological Society Annual Meeting,https://wisurol.com/meetings/upcoming-meetings/meeting-information.aspx
uroLogic Conference,https://www.suna.org/event/2020-urologic-conference
Summit on National and Global Cancer Health Disparities,https://cancersummit.binayfoundation.org/
Annual Interdisciplinary Breast Center Conference,http://www2.breastcare.org/welcome-to-the-annual-national-interdisciplinary-breast-center-conference/
Euro-Global Summit on Cancer Therapy & Radiation Oncology,https://eurocancer.expertconferences.org/registration.php
Multidisciplinary Thoracic Cancers Symposium,https://www.thoracicsymposium.org/2020-Thoracic-Symposium
Pan Pacific Lymphoma Conference,https://unmc.edu/cce/catalog/clinicmed/panpacificlymphoma/index.html
European Association for Cancer Research,https://www.eacr.org/
Liquid Biopsy for Cancer Gordon Research Conference,https://www.grc.org/liquid-biopsy-for-cancer-conference/2020/
International Congress on Targeted Anticancer Therapies,https://www.esmo.org/Conferences/ESMO-Targeted-Anticancer-Therapies-Congress-2020
Annual Miami Breast Cancer Conference,https://www.gotoper.com/conferences/mbcc/meetings/37th-Annual-Miami-Breast-Cancer-Conference
European Breast Cancer Conference,https://conferences.eortc.org/ebcc12/
KSMCB-Advances in Cancer Immunotherapy,https://www.keystonesymposia.org/ks/Online/Events/2020C4/Details.aspx?EventKey=2020C4
International Conference on Surgical Cancer Care,https://events.jspargo.com/SSO20/Public/Enter.aspx
Association for Molecular Pathology Annual Meeting & Expo,https://www.amp.org/meetings/events-calendar/
College of American Pathologists Annual Meeting,https://www.capannualmeeting.org/
Global Breast Cancer Conference,http://gbcc2016.gbcc.kr/Contents.asp?LoadPage=GBCCInformation
Annual Precision Medicine Symposium: An Illustrated Tumor Board,https://www.gotoper.com/conferences/pmc/meetings/2nd-annual-precision-medicine-symposium#registration
AMCP Managed Care & Specialty Pharmacy Annual Meeting,https://2020.amcpannual.org/
International Precision Medicine Conference,https://magnusconferences.com/precision-medicine/
European Society of Pathology,https://www.esp-congress.org/
International Conference on Machine Learning in Genomic Medicine and Precision Medicine,https://waset.org/machine-learning-in-genomic-medicine-and-precision-medicine-conference-in-december-2020-in-dubai
International Conference on Genomic Medicine and Precision Medicine,https://waset.org/genomic-medicine-and-precision-medicine-conference-in-december-2020-in-vienna
Toulouse Onco Week,http://www.toulouse-onco-week.org/
World Pancreas Forum,https://www.worldpancreasforum.com/
Annual International Conference of RGCON: Hemato-Oncology Update,http://rgcon2020.com/
Annual International Conference of RGCON: Hemato-Oncology Update,http://rgcon2020.com/
The SPIE Medical Imaging Meeting,https://spie.org/conferences-and-exhibitions/medical-imaging
Circulating Biomarkers World Congress,https://selectbiosciences.com/conferences/index.aspx?conf=CBWC2020
Biomarkers Series UK,https://www.oxfordglobal.co.uk/biomarkers-series-uk/
Clinical Biomarkers Operations and Innovation,https://www.scopesummit.com/Clinical-Biomarker-Strategy
Personalized and Precision Medicine International Conference,https://premc.org/conferences/pemed-personalized-precision-medicine/
Transplantation and Cellular Therapy Meetings of ASTCT and CIBMTR,https://www.eiseverywhere.com/ehome/427001
Annual Biomarker and Companion Diagnostics Conference,https://events.marketsandmarkets.com/
AACR-IASLC International Joint Conference: Lung Cancer Translational Science from the Bench to the Clinic,https://www.aacr.org/Meetings/Pages/MeetingDetail.aspx?EventItemID=216&DetailItemID=1071
AACR-Advances in Liquid Biopsies,https://www.aacr.org/Meetings/Pages/MeetingDetail.aspx?EventItemID=192&DetailItemID=969
Leading & Original Forum For Precision Medicine,https://www.pmwcintl.com/
UK Interdisciplinary Breast Cancer Symposium,https://ukibcs.org/
Annual Conference on Clinical Research & Biomarkers,https://clinicalresearch.euroscicon.com/
Precision Oncology Molecular Dx and Experimental Therapeutics,https://www.grc.org/personalized-medicine-conference/2020/
Keystone Symposia on Maternal-Fetal Crosstalk,https://www.keystonesymposia.org/ks/Online/Events/2020Z3/Details.aspx?EventKey=2020Z3
Annual Joining Forces Against Hereditary Cancer International Conference,https://www.facingourrisk.org/get-involved/events/annual-conference/index.php
ERS Lung Science Conference,https://www.ersnet.org/congress-and-events/metabolic-alterations-in-lung-ageing-and-disease
Americas Hepato-Pancreato-Biliary Association Annual Meeting,https://www.ahpba.org/
Biomarkers for Immuno-Oncology,https://www.immuno-oncologyeurope.com/
Korean Society of Hematology International Conference,http://www.icksh.org/
Annual Nordic Precision Medicine Forum,https://precisionmedicineforum.com/our-conferences/nordic-pmf-2020/register-nordic/
ACS Spring National Meeting & Exposition,https://www.acs.org/content/acs/en/meetings/national-meeting.html
New Directions in Leukaemia Research Meeting,https://ndlr2020.com/
Endocrine Society Annual Meeting,https://www.endocrine.org/endo2020
Society of Interventional Radiology,https://www.sirmeeting.org/index.cfm?do=cnt.page&menuID=1003
Molecular Med Tri-Con,http://www.giiconference.com/chi893970/
PEGS Boston,https://www.pegsummit.com/
European Conference of Oncology Pharmacy,https://ecop.events/
"Lymphoma, Leukemia and Myeloma Congress",https://lymphomaandmyeloma.oncnet.com/
International VHL Medical/Research Symposium,https://www.vhl.org/about/news-events/international-vhl-medicalresearch-symposium-2020/
International Conference on Precision Medicine and Functional Drug Testing,https://waset.org/precision-medicine-and-functional-drug-testing-conference-in-october-2020-in-tokyo
World Congress of the International Hepato-Pancreato-Biliary Association,https://www.ihpba2020.org/
International Conference on Alzheimer’s Drug Discovery,https://meetings.alzdiscovery.org/alz-home/
American College of Gastroenterology,http://acgmeetings.gi.org/
American Society for Bone and Mineral Research,https://www.asbmr.org/meetings/futureannualmeetings.aspx
Conference on Retroviruses and Opportunistic Infections,https://www.croiconference.org/
World Congress on Controversies in Neurology,http://cony.comtecmed.com/
European AIDS Conference,https://www.eacs-conference2021.com/
ECCO Congres,https://www.ecco-ibd.eu/ecco20.html
European Association of Neurological Societies Congress,https://eans2020.com/
ERS International Congress,https://ers-congress2020.com/?gclid=CjwKCAiA35rxBRAWEiwADqB379TRAAzO92bV5i6BnBtH0iWj89QXIEcTSbCwZPgRJNJjm3CfsFmofxoC0c4QAvD_BwE
IASP World Congress on Pain,https://www.iaspworldcongress.org/
International Ocular Inflammation Society,https://www.iois.info/page.php?edi_id=1
J.P. Morgan Healthcare Conference,https://www.jpmorgan.com/global/healthcare-conference
Jefferies Healthcare Conference,https://www.jefferies.com/IdeasAndPerspectives/Conferences/325/060220
International Congress on Neuropathic Pain,https://www.iasp-pain.org/Membership/SIGDetail.aspx?ItemNumber=747
North American Cystic Fibrosis Conference,https://www.nacfconference.org/
ReSViNET Conference,http://www.resvinet.org/rsvvw19.html
The European Committee for Treatment and Research in Multiple Sclerosis,https://msdc2020.org/
UEG Week,https://www.ueg.eu/week/programme/
World Vaccine Congress,https://www.terrapinn.com/conference/world-vaccine-congress-washington/index.stm
American Academy of Pain Medicine,http://annualmeeting.painmed.org/
American College of Physicians Internal Medicine Meeting,https://annualmeeting.acponline.org/
American College of Obstetricians and Gynecologists,https://annualmeeting.acog.org/
American Psychiatric Association,https://www.psychiatry.org/psychiatrists/meetings/annual-meeting
